{"cameraMode":{"drawMode":0,"name":"Shaded","section":"Shading Mode"},"sceneLighting":true,"audioPlay":false,"sceneViewState":{"showFog":true,"showMaterialUpdate":false,"showSkybox":true,"showFlares":true,"showImageEffects":true,"showParticleSystems":true},"in2DMode":false,"pivot":{"x":-0.14035284519195558,"y":3.949554920196533,"z":6.172072410583496},"rotation":{"x":0.014463740400969983,"y":0.9473696351051331,"z":-0.3169049322605133,"w":0.04324794188141823},"size":11.813201904296875,"orthographic":false}