{"cameraMode":{"drawMode":0,"name":"Shaded","section":"Shading Mode"},"sceneLighting":false,"audioPlay":false,"sceneViewState":{"showFog":true,"showMaterialUpdate":false,"showSkybox":false,"showFlares":true,"showImageEffects":true,"showParticleSystems":true},"in2DMode":false,"pivot":{"x":1.1920928955078126e-7,"y":3.725290298461914e-9,"z":-9.313225746154786e-10},"rotation":{"x":-0.034053292125463489,"y":0.9659221768379211,"z":-0.18507806956768037,"w":-0.1778360903263092},"size":1.0463539361953736,"orthographic":false}