{"cameraMode":{"drawMode":0,"name":"Shaded","section":"Shading Mode"},"sceneLighting":true,"audioPlay":false,"sceneViewState":{"showFog":true,"showMaterialUpdate":false,"showSkybox":true,"showFlares":true,"showImageEffects":true,"showParticleSystems":true},"in2DMode":false,"pivot":{"x":-23.934730529785158,"y":3.0693275928497316,"z":1.666123628616333},"rotation":{"x":0.0005133552476763725,"y":0.9823850393295288,"z":0.0026414599269628526,"w":-0.18696336448192597},"size":3.1701161861419679,"orthographic":false}