{"cameraMode":{"drawMode":0,"name":"Shaded","section":"Shading Mode"},"sceneLighting":true,"audioPlay":false,"sceneViewState":{"showFog":true,"showMaterialUpdate":false,"showSkybox":true,"showFlares":true,"showImageEffects":true,"showParticleSystems":true},"in2DMode":false,"pivot":{"x":-3.368175506591797,"y":53.79999923706055,"z":6.969707489013672},"rotation":{"x":-0.006917090620845556,"y":-0.9806593656539917,"z":0.1924777776002884,"w":-0.035347145050764087},"size":28.649723052978517,"orthographic":false}