{"cameraMode":{"drawMode":0,"name":"Shaded","section":"Shading Mode"},"sceneLighting":true,"audioPlay":false,"sceneViewState":{"showFog":true,"showMaterialUpdate":false,"showSkybox":true,"showFlares":true,"showImageEffects":true,"showParticleSystems":true},"in2DMode":false,"pivot":{"x":99.35000610351563,"y":516.5599975585938,"z":0.0},"rotation":{"x":-0.059050727635622028,"y":0.9389140009880066,"z":-0.20543572306632996,"w":-0.26983699202537539},"size":1003.5259399414063,"orthographic":false}