{"cameraMode":{"drawMode":0,"name":"Shaded","section":"Shading Mode"},"sceneLighting":true,"audioPlay":false,"sceneViewState":{"showFog":true,"showMaterialUpdate":false,"showSkybox":true,"showFlares":true,"showImageEffects":true,"showParticleSystems":true},"in2DMode":false,"pivot":{"x":1.9397995471954346,"y":2.119999885559082,"z":5.360000133514404},"rotation":{"x":0.019997399300336839,"y":0.9737277030944824,"z":-0.20633114874362946,"w":0.09437324106693268},"size":11.044053077697754,"orthographic":false}