{"cameraMode":{"drawMode":0,"name":"Shaded","section":"Shading Mode"},"sceneLighting":true,"audioPlay":false,"sceneViewState":{"showFog":true,"showMaterialUpdate":false,"showSkybox":true,"showFlares":true,"showImageEffects":true,"showParticleSystems":true},"in2DMode":false,"pivot":{"x":148.58721923828126,"y":506.26849365234377,"z":-129.29342651367188},"rotation":{"x":0.16455502808094026,"y":0.007079842034727335,"z":-0.001185767468996346,"w":0.9863519668579102},"size":650.2517700195313,"orthographic":false}